<?xml version='1.0' encoding='UTF-8'?>
<lei:LEIData xmlns:gleif="http://www.gleif.org/concatenated-file/header-extension/2.0" xmlns:lei="http://www.gleif.org/data/schema/leidata/2016">
  <lei:LEIHeader>
    <lei:ContentDate>2018-02-04T09:00:01+00:00</lei:ContentDate>
    <lei:FileContent>GLEIF_FULL_PUBLISHED</lei:FileContent>
    <lei:RecordCount>1079232</lei:RecordCount>
    <lei:Extension>
      <gleif:Sources>
        <gleif:Source>
          <gleif:ContentDate>2018-02-03T11:50:57Z</gleif:ContentDate>
          <gleif:Originator>029200067A7K6CH0H586</gleif:Originator>
          <gleif:RecordCount>263</gleif:RecordCount>
        </gleif:Source>
        <gleif:Source>
          <gleif:ContentDate>2018-02-03T20:43:06.000Z</gleif:ContentDate>
          <gleif:Originator>097900BEFH0000000217</gleif:Originator>
          <gleif:RecordCount>1133</gleif:RecordCount>
        </gleif:Source>
        <gleif:Source>
          <gleif:ContentDate>2018-02-02T18:00:00Z</gleif:ContentDate>
          <gleif:Originator>213800D1EI4B9WTWWD28</gleif:Originator>
          <gleif:RecordCount>146690</gleif:RecordCount>
        </gleif:Source>
        <gleif:Source>
          <gleif:ContentDate>2018-02-03T23:00:00Z</gleif:ContentDate>
          <gleif:Originator>222100T6ICDIY8V4VX70</gleif:Originator>
          <gleif:RecordCount>6337</gleif:RecordCount>
        </gleif:Source>
        <gleif:Source>
          <gleif:ContentDate>2018-02-03T17:30:22.348Z</gleif:ContentDate>
          <gleif:Originator>253400M18U5TB02TW421</gleif:Originator>
          <gleif:RecordCount>1006</gleif:RecordCount>
        </gleif:Source>
        <gleif:Source>
          <gleif:ContentDate>2018-02-03T23:59:59+01:00</gleif:ContentDate>
          <gleif:Originator>259400L3KBYEVNHEJF55</gleif:Originator>
          <gleif:RecordCount>13515</gleif:RecordCount>
        </gleif:Source>
        <gleif:Source>
          <gleif:ContentDate>2018-02-04T08:20:00.037+08:00</gleif:ContentDate>
          <gleif:Originator>300300KDIZ11PV2GH547</gleif:Originator>
          <gleif:RecordCount>885</gleif:RecordCount>
        </gleif:Source>
        <gleif:Source>
          <gleif:ContentDate>2018-02-02T00:00:00+01:00</gleif:ContentDate>
          <gleif:Originator>315700LK78Z7C0WMIL03</gleif:Originator>
          <gleif:RecordCount>12527</gleif:RecordCount>
        </gleif:Source>
        <gleif:Source>
          <gleif:ContentDate>2018-02-03T18:00:00Z</gleif:ContentDate>
          <gleif:Originator>335800FVH4MOKZS9VH40</gleif:Originator>
          <gleif:RecordCount>2597</gleif:RecordCount>
        </gleif:Source>
        <gleif:Source>
          <gleif:ContentDate>2018-02-04T06:00:29+00:00</gleif:ContentDate>
          <gleif:Originator>353800279ADEFGKNTV65</gleif:Originator>
          <gleif:RecordCount>7428</gleif:RecordCount>
        </gleif:Source>
        <gleif:Source>
          <gleif:ContentDate>2018-02-03T13:00:02+02:00</gleif:ContentDate>
          <gleif:Originator>378900F4A0A690EA6735</gleif:Originator>
          <gleif:RecordCount>304</gleif:RecordCount>
        </gleif:Source>
        <gleif:Source>
          <gleif:ContentDate>2018-02-04T08:00:20.673+01:00</gleif:ContentDate>
          <gleif:Originator>39120001KULK7200U106</gleif:Originator>
          <gleif:RecordCount>27814</gleif:RecordCount>
        </gleif:Source>
        <gleif:Source>
          <gleif:ContentDate>2018-02-04T00:00:24.749-06:00</gleif:ContentDate>
          <gleif:Originator>4469000001AVO26P9X86</gleif:Originator>
          <gleif:RecordCount>243</gleif:RecordCount>
        </gleif:Source>
        <gleif:Source>
          <gleif:ContentDate>2018-02-04T07:00:03Z</gleif:ContentDate>
          <gleif:Originator>48510000JZ17NWGUA510</gleif:Originator>
          <gleif:RecordCount>2111</gleif:RecordCount>
        </gleif:Source>
        <gleif:Source>
          <gleif:ContentDate>2018-02-04T03:01:24+01:00</gleif:ContentDate>
          <gleif:Originator>506700LOLO7M6V0E4247</gleif:Originator>
          <gleif:RecordCount>2539</gleif:RecordCount>
        </gleif:Source>
        <gleif:Source>
          <gleif:ContentDate>2018-02-03T02:01:48+01:00</gleif:ContentDate>
          <gleif:Originator>5299000J2N45DDNE4Y28</gleif:Originator>
          <gleif:RecordCount>119476</gleif:RecordCount>
        </gleif:Source>
        <gleif:Source>
          <gleif:ContentDate>2018-02-04T02:30:41+01:00</gleif:ContentDate>
          <gleif:Originator>529900F6BNUR3RJ2WH29</gleif:Originator>
          <gleif:RecordCount>6672</gleif:RecordCount>
        </gleif:Source>
        <gleif:Source>
          <gleif:ContentDate>2018-02-03T23:30:04.829Z</gleif:ContentDate>
          <gleif:Originator>5493001KJTIIGC8Y1R12</gleif:Originator>
          <gleif:RecordCount>42367</gleif:RecordCount>
        </gleif:Source>
        <gleif:Source>
          <gleif:ContentDate>2018-02-03T23:00:02.242+03:00</gleif:ContentDate>
          <gleif:Originator>558600FNC30A8J9EGQ54</gleif:Originator>
          <gleif:RecordCount>197</gleif:RecordCount>
        </gleif:Source>
        <gleif:Source>
          <gleif:ContentDate>2018-02-04T00:05:47+00:00</gleif:ContentDate>
          <gleif:Originator>635400DZBUIMTBCXGA12</gleif:Originator>
          <gleif:RecordCount>6939</gleif:RecordCount>
        </gleif:Source>
        <gleif:Source>
          <gleif:ContentDate>2018-02-04T02:00:03.670+01:00</gleif:ContentDate>
          <gleif:Originator>724500A93Z8V1MJK5349</gleif:Originator>
          <gleif:RecordCount>84043</gleif:RecordCount>
        </gleif:Source>
        <gleif:Source>
          <gleif:ContentDate>2018-02-04T03:00:01+02:00</gleif:ContentDate>
          <gleif:Originator>743700OO8O2N3TQKJC81</gleif:Originator>
          <gleif:RecordCount>18622</gleif:RecordCount>
        </gleif:Source>
        <gleif:Source>
          <gleif:ContentDate>2018-02-02T15:29:59Z</gleif:ContentDate>
          <gleif:Originator>7478000050A040C0D041</gleif:Originator>
          <gleif:RecordCount>748</gleif:RecordCount>
        </gleif:Source>
        <gleif:Source>
          <gleif:ContentDate>2018-02-03T17:00:08Z</gleif:ContentDate>
          <gleif:Originator>789000TVSB96MCOKSB52</gleif:Originator>
          <gleif:RecordCount>317</gleif:RecordCount>
        </gleif:Source>
        <gleif:Source>
          <gleif:ContentDate>2018-02-04T06:00:02.235+01:00</gleif:ContentDate>
          <gleif:Originator>815600EAD78C57FCE690</gleif:Originator>
          <gleif:RecordCount>70380</gleif:RecordCount>
        </gleif:Source>
        <gleif:Source>
          <gleif:ContentDate>2018-02-03T23:59:59.999+01:00</gleif:ContentDate>
          <gleif:Originator>959800R2X69K6Y6MX775</gleif:Originator>
          <gleif:RecordCount>66929</gleif:RecordCount>
        </gleif:Source>
        <gleif:Source>
          <gleif:ContentDate>2018-02-04T01:29:16Z</gleif:ContentDate>
          <gleif:Originator>967600100PAMYB9QBQ02</gleif:Originator>
          <gleif:RecordCount>20161</gleif:RecordCount>
        </gleif:Source>
        <gleif:Source>
          <gleif:ContentDate>2018-02-03T22:30:00.000+01:00</gleif:ContentDate>
          <gleif:Originator>969500Q2MA9VBQ8BG884</gleif:Originator>
          <gleif:RecordCount>48485</gleif:RecordCount>
        </gleif:Source>
        <gleif:Source>
          <gleif:ContentDate>2018-02-04T23:59:59Z</gleif:ContentDate>
          <gleif:Originator>9884008RRMX1X5HV6625</gleif:Originator>
          <gleif:RecordCount>416</gleif:RecordCount>
        </gleif:Source>
        <gleif:Source>
          <gleif:ContentDate>2018-02-04T02:33:02.754Z</gleif:ContentDate>
          <gleif:Originator>EVK05KS7XY1DEII3R011</gleif:Originator>
          <gleif:RecordCount>368088</gleif:RecordCount>
        </gleif:Source>
      </gleif:Sources>
    </lei:Extension>
  </lei:LEIHeader>
  <lei:LEIRecords>
    <lei:LEIRecord>
      <lei:LEI>029200013A5N6ZD0F605</lei:LEI>
      <lei:Entity>
        <lei:LegalName xml:lang="en">AFRINVEST SECURITIES LIMITED</lei:LegalName>
        <lei:OtherEntityNames>
          <lei:OtherEntityName xml:lang="fr" type="ALTERNATIVE_LANGUAGE_LEGAL_NAME">AFRINVEST SECURITIES LIMITED</lei:OtherEntityName>
        </lei:OtherEntityNames>
        <lei:LegalAddress xml:lang="en">
          <lei:FirstAddressLine>27 GERRARD ROAD</lei:FirstAddressLine>
          <lei:AdditionalAddressLine>IKOYI</lei:AdditionalAddressLine>
          <lei:City>LAGOS</lei:City>
          <lei:Region>NG-LA</lei:Region>
          <lei:Country>NG</lei:Country>
          <lei:PostalCode>23401</lei:PostalCode>
        </lei:LegalAddress>
        <lei:HeadquartersAddress xml:lang="en">
          <lei:FirstAddressLine>27 GERRARD ROAD</lei:FirstAddressLine>
          <lei:AdditionalAddressLine>IKOYI</lei:AdditionalAddressLine>
          <lei:City>LAGOS</lei:City>
          <lei:Region>NG-LA</lei:Region>
          <lei:Country>NG</lei:Country>
        </lei:HeadquartersAddress>
        <lei:OtherAddresses>
          <lei:OtherAddress xml:lang="fr" type="ALTERNATIVE_LANGUAGE_HEADQUARTERS_ADDRESS">
            <lei:FirstAddressLine>27 GERRARD ROAD</lei:FirstAddressLine>
            <lei:AdditionalAddressLine>IKOYI</lei:AdditionalAddressLine>
            <lei:City>LAGOS</lei:City>
            <lei:Region>NG-LA</lei:Region>
            <lei:Country>NG</lei:Country>
            <lei:PostalCode>23401</lei:PostalCode>
          </lei:OtherAddress>
        </lei:OtherAddresses>
        <lei:RegistrationAuthority>
          <lei:RegistrationAuthorityID>RA000469</lei:RegistrationAuthorityID>
          <lei:RegistrationAuthorityEntityID>RC603315</lei:RegistrationAuthorityEntityID>
        </lei:RegistrationAuthority>
        <lei:LegalJurisdiction>NG-LA</lei:LegalJurisdiction>
        <lei:LegalForm>
          <lei:EntityLegalFormCode>8888</lei:EntityLegalFormCode>
          <lei:OtherLegalForm>LIMITED</lei:OtherLegalForm>
        </lei:LegalForm>
        <lei:EntityStatus>ACTIVE</lei:EntityStatus>
      </lei:Entity>
      <lei:Registration>
        <lei:InitialRegistrationDate>2014-11-06T00:00:00Z</lei:InitialRegistrationDate>
        <lei:LastUpdateDate>2017-11-30T15:06:27Z</lei:LastUpdateDate>
        <lei:RegistrationStatus>ISSUED</lei:RegistrationStatus>
        <lei:NextRenewalDate>2018-11-06T00:00:00Z</lei:NextRenewalDate>
        <lei:ManagingLOU>029200067A7K6CH0H586</lei:ManagingLOU>
        <lei:ValidationSources>FULLY_CORROBORATED</lei:ValidationSources>
        <lei:ValidationAuthority>
          <lei:ValidationAuthorityID>RA000469</lei:ValidationAuthorityID>
        </lei:ValidationAuthority>
      </lei:Registration>
    </lei:LEIRecord>
    <lei:LEIRecord>
      <lei:LEI>029200137F2K8AH5C573</lei:LEI>
      <lei:Entity>
        <lei:LegalName xml:lang="en">CAPITAL ASSETS LIMITED</lei:LegalName>
        <lei:OtherEntityNames>
          <lei:OtherEntityName xml:lang="fr" type="ALTERNATIVE_LANGUAGE_LEGAL_NAME">CAPITAL ASSETS LIMITED</lei:OtherEntityName>
        </lei:OtherEntityNames>
        <lei:LegalAddress xml:lang="en">
          <lei:FirstAddressLine>9TH FLOOR BOOKSHOP HOUSE, 50/52 BROAD STREET</lei:FirstAddressLine>
          <lei:AdditionalAddressLine>P.O. BOX 702 LAGOS</lei:AdditionalAddressLine>
          <lei:City>LAGOS</lei:City>
          <lei:Region>NG-LA</lei:Region>
          <lei:Country>NG</lei:Country>
          <lei:PostalCode>23401</lei:PostalCode>
        </lei:LegalAddress>
        <lei:HeadquartersAddress xml:lang="en">
          <lei:FirstAddressLine>9TH FLOOR BOOKSHOP HOUSE, 50/52 BROAD STREET</lei:FirstAddressLine>
          <lei:AdditionalAddressLine>P.O. BOX 702 LAGOS</lei:AdditionalAddressLine>
          <lei:City>LAGOS</lei:City>
          <lei:Region>NG-LA</lei:Region>
          <lei:Country>NG</lei:Country>
        </lei:HeadquartersAddress>
        <lei:OtherAddresses>
          <lei:OtherAddress xml:lang="fr" type="ALTERNATIVE_LANGUAGE_HEADQUARTERS_ADDRESS">
            <lei:FirstAddressLine>9TH FLOOR BOOKSHOP HOUSE, 50/52 BROAD STREET</lei:FirstAddressLine>
            <lei:AdditionalAddressLine>P.O. BOX 702 LAGOS</lei:AdditionalAddressLine>
            <lei:City>LAGOS</lei:City>
            <lei:Region>NG-LA</lei:Region>
            <lei:Country>NG</lei:Country>
            <lei:PostalCode>23401</lei:PostalCode>
          </lei:OtherAddress>
        </lei:OtherAddresses>
        <lei:RegistrationAuthority>
          <lei:RegistrationAuthorityID>RA000469</lei:RegistrationAuthorityID>
          <lei:RegistrationAuthorityEntityID>RC286096</lei:RegistrationAuthorityEntityID>
        </lei:RegistrationAuthority>
        <lei:LegalJurisdiction>NG-LA</lei:LegalJurisdiction>
        <lei:LegalForm>
          <lei:EntityLegalFormCode>8888</lei:EntityLegalFormCode>
          <lei:OtherLegalForm>LIMITED</lei:OtherLegalForm>
        </lei:LegalForm>
        <lei:EntityStatus>ACTIVE</lei:EntityStatus>
      </lei:Entity>
      <lei:Registration>
        <lei:InitialRegistrationDate>2014-11-06T00:00:00Z</lei:InitialRegistrationDate>
        <lei:LastUpdateDate>2017-11-07T09:40:44Z</lei:LastUpdateDate>
        <lei:RegistrationStatus>LAPSED</lei:RegistrationStatus>
        <lei:NextRenewalDate>2017-11-06T00:00:00Z</lei:NextRenewalDate>
        <lei:ManagingLOU>029200067A7K6CH0H586</lei:ManagingLOU>
        <lei:ValidationSources>FULLY_CORROBORATED</lei:ValidationSources>
        <lei:ValidationAuthority>
          <lei:ValidationAuthorityID>RA000469</lei:ValidationAuthorityID>
        </lei:ValidationAuthority>
      </lei:Registration>
    </lei:LEIRecord>
    <lei:LEIRecord>
      <lei:LEI>029200038B4L4ZI1E579</lei:LEI>
      <lei:Entity>
        <lei:LegalName xml:lang="en">CAPITAL BANCORP PLC</lei:LegalName>
        <lei:OtherEntityNames>
          <lei:OtherEntityName xml:lang="fr" type="ALTERNATIVE_LANGUAGE_LEGAL_NAME">CAPITAL BANCORP PLC</lei:OtherEntityName>
        </lei:OtherEntityNames>
        <lei:LegalAddress xml:lang="en">
          <lei:FirstAddressLine>3RD FLOOR, UNTL BUILDING, 1, DAVIES STREET</lei:FirstAddressLine>
          <lei:AdditionalAddressLine>OFF MARINA, LAGOS. P.O.BOX 1362, MARINA</lei:AdditionalAddressLine>
          <lei:City>LAGOS</lei:City>
          <lei:Region>NG-LA</lei:Region>
          <lei:Country>NG</lei:Country>
          <lei:PostalCode>23401</lei:PostalCode>
        </lei:LegalAddress>
        <lei:HeadquartersAddress xml:lang="en">
          <lei:FirstAddressLine>3RD FLOOR, UNTL BUILDING, 1, DAVIES STREET</lei:FirstAddressLine>
          <lei:AdditionalAddressLine>OFF MARINA, LAGOS. P.O.BOX 1362, MARINA</lei:AdditionalAddressLine>
          <lei:City>LAGOS</lei:City>
          <lei:Region>NG-LA</lei:Region>
          <lei:Country>NG</lei:Country>
        </lei:HeadquartersAddress>
        <lei:OtherAddresses>
          <lei:OtherAddress xml:lang="fr" type="ALTERNATIVE_LANGUAGE_HEADQUARTERS_ADDRESS">
            <lei:FirstAddressLine>3RD FLOOR, UNTL BUILDING, 1, DAVIES STREET</lei:FirstAddressLine>
            <lei:AdditionalAddressLine>OFF MARINA, LAGOS. P.O.BOX 1362, MARINA</lei:AdditionalAddressLine>
            <lei:City>LAGOS</lei:City>
            <lei:Region>NG-LA</lei:Region>
            <lei:Country>NG</lei:Country>
            <lei:PostalCode>23401</lei:PostalCode>
          </lei:OtherAddress>
        </lei:OtherAddresses>
        <lei:RegistrationAuthority>
          <lei:RegistrationAuthorityID>RA000469</lei:RegistrationAuthorityID>
          <lei:RegistrationAuthorityEntityID>RC114135</lei:RegistrationAuthorityEntityID>
        </lei:RegistrationAuthority>
        <lei:LegalJurisdiction>NG-LA</lei:LegalJurisdiction>
        <lei:LegalForm>
          <lei:EntityLegalFormCode>8888</lei:EntityLegalFormCode>
          <lei:OtherLegalForm>LIMITED</lei:OtherLegalForm>
        </lei:LegalForm>
        <lei:EntityStatus>ACTIVE</lei:EntityStatus>
      </lei:Entity>
      <lei:Registration>
        <lei:InitialRegistrationDate>2014-11-06T00:00:00Z</lei:InitialRegistrationDate>
        <lei:LastUpdateDate>2017-11-07T09:40:44Z</lei:LastUpdateDate>
        <lei:RegistrationStatus>LAPSED</lei:RegistrationStatus>
        <lei:NextRenewalDate>2017-11-06T00:00:00Z</lei:NextRenewalDate>
        <lei:ManagingLOU>029200067A7K6CH0H586</lei:ManagingLOU>
        <lei:ValidationSources>FULLY_CORROBORATED</lei:ValidationSources>
        <lei:ValidationAuthority>
          <lei:ValidationAuthorityID>RA000469</lei:ValidationAuthorityID>
        </lei:ValidationAuthority>
      </lei:Registration>
    </lei:LEIRecord>
    <lei:LEIRecord>
      <lei:LEI>029200048F0K9UI5A508</lei:LEI>
      <lei:Entity>
        <lei:LegalName xml:lang="en">CAPITAL EXPRESS SECURITIES LTD</lei:LegalName>
        <lei:OtherEntityNames>
          <lei:OtherEntityName xml:lang="fr" type="ALTERNATIVE_LANGUAGE_LEGAL_NAME">CAPITAL EXPRESS SECURITIES LTD</lei:OtherEntityName>
        </lei:OtherEntityNames>
        <lei:LegalAddress xml:lang="en">
          <lei:FirstAddressLine>PLOT 1626 C-E, SAKA JOJO STREET</lei:FirstAddressLine>
          <lei:AdditionalAddressLine>OFF IDEJO STREET, VICTORIA ISLAND</lei:AdditionalAddressLine>
          <lei:City>LAGOS</lei:City>
          <lei:Region>NG-LA</lei:Region>
          <lei:Country>NG</lei:Country>
          <lei:PostalCode>23401</lei:PostalCode>
        </lei:LegalAddress>
        <lei:HeadquartersAddress xml:lang="en">
          <lei:FirstAddressLine>PLOT 1626 C-E, SAKA JOJO STREET</lei:FirstAddressLine>
          <lei:AdditionalAddressLine>OFF IDEJO STREET, VICTORIA ISLAND</lei:AdditionalAddressLine>
          <lei:City>LAGOS</lei:City>
          <lei:Region>NG-LA</lei:Region>
          <lei:Country>NG</lei:Country>
        </lei:HeadquartersAddress>
        <lei:OtherAddresses>
          <lei:OtherAddress xml:lang="fr" type="ALTERNATIVE_LANGUAGE_HEADQUARTERS_ADDRESS">
            <lei:FirstAddressLine>PLOT 1626 C-E, SAKA JOJO STREET</lei:FirstAddressLine>
            <lei:AdditionalAddressLine>OFF IDEJO STREET, VICTORIA ISLAND</lei:AdditionalAddressLine>
            <lei:City>LAGOS</lei:City>
            <lei:Region>NG-LA</lei:Region>
            <lei:Country>NG</lei:Country>
            <lei:PostalCode>23401</lei:PostalCode>
          </lei:OtherAddress>
        </lei:OtherAddresses>
        <lei:RegistrationAuthority>
          <lei:RegistrationAuthorityID>RA000469</lei:RegistrationAuthorityID>
          <lei:RegistrationAuthorityEntityID>RC158080</lei:RegistrationAuthorityEntityID>
        </lei:RegistrationAuthority>
        <lei:LegalJurisdiction>NG-LA</lei:LegalJurisdiction>
        <lei:LegalForm>
          <lei:EntityLegalFormCode>8888</lei:EntityLegalFormCode>
          <lei:OtherLegalForm>LIMITED</lei:OtherLegalForm>
        </lei:LegalForm>
        <lei:EntityStatus>ACTIVE</lei:EntityStatus>
      </lei:Entity>
      <lei:Registration>
        <lei:InitialRegistrationDate>2014-11-06T00:00:00Z</lei:InitialRegistrationDate>
        <lei:LastUpdateDate>2017-11-07T09:40:44Z</lei:LastUpdateDate>
        <lei:RegistrationStatus>LAPSED</lei:RegistrationStatus>
        <lei:NextRenewalDate>2017-11-06T00:00:00Z</lei:NextRenewalDate>
        <lei:ManagingLOU>029200067A7K6CH0H586</lei:ManagingLOU>
        <lei:ValidationSources>FULLY_CORROBORATED</lei:ValidationSources>
        <lei:ValidationAuthority>
          <lei:ValidationAuthorityID>RA000469</lei:ValidationAuthorityID>
        </lei:ValidationAuthority>
      </lei:Registration>
    </lei:LEIRecord>
    <lei:LEIRecord>
      <lei:LEI>029200222D9S2BC3J917</lei:LEI>
      <lei:Entity>
        <lei:LegalName xml:lang="en">CARDINALSTONE SECURITIES LIMITED</lei:LegalName>
        <lei:OtherEntityNames>
          <lei:OtherEntityName xml:lang="fr" type="ALTERNATIVE_LANGUAGE_LEGAL_NAME">CARDINALSTONE SECURITIES LIMITED</lei:OtherEntityName>
        </lei:OtherEntityNames>
        <lei:LegalAddress xml:lang="en">
          <lei:FirstAddressLine>5, OKOTIE-EBOH STREET</lei:FirstAddressLine>
          <lei:AdditionalAddressLine>IKOYI</lei:AdditionalAddressLine>
          <lei:City>LAGOS</lei:City>
          <lei:Region>NG-LA</lei:Region>
          <lei:Country>NG</lei:Country>
          <lei:PostalCode>23401</lei:PostalCode>
        </lei:LegalAddress>
        <lei:HeadquartersAddress xml:lang="en">
          <lei:FirstAddressLine>5, OKOTIE-EBOH STREET</lei:FirstAddressLine>
          <lei:AdditionalAddressLine>IKOYI</lei:AdditionalAddressLine>
          <lei:City>LAGOS</lei:City>
          <lei:Region>NG-LA</lei:Region>
          <lei:Country>NG</lei:Country>
        </lei:HeadquartersAddress>
        <lei:OtherAddresses>
          <lei:OtherAddress xml:lang="fr" type="ALTERNATIVE_LANGUAGE_HEADQUARTERS_ADDRESS">
            <lei:FirstAddressLine>5, OKOTIE-EBOH STREET</lei:FirstAddressLine>
            <lei:AdditionalAddressLine>IKOYI</lei:AdditionalAddressLine>
            <lei:City>LAGOS</lei:City>
            <lei:Region>NG-LA</lei:Region>
            <lei:Country>NG</lei:Country>
            <lei:PostalCode>23401</lei:PostalCode>
          </lei:OtherAddress>
        </lei:OtherAddresses>
        <lei:RegistrationAuthority>
          <lei:RegistrationAuthorityID>RA000469</lei:RegistrationAuthorityID>
          <lei:RegistrationAuthorityEntityID>RC739857</lei:RegistrationAuthorityEntityID>
        </lei:RegistrationAuthority>
        <lei:LegalJurisdiction>NG-LA</lei:LegalJurisdiction>
        <lei:LegalForm>
          <lei:EntityLegalFormCode>8888</lei:EntityLegalFormCode>
          <lei:OtherLegalForm>LIMITED</lei:OtherLegalForm>
        </lei:LegalForm>
        <lei:EntityStatus>ACTIVE</lei:EntityStatus>
      </lei:Entity>
      <lei:Registration>
        <lei:InitialRegistrationDate>2014-11-06T00:00:00Z</lei:InitialRegistrationDate>
        <lei:LastUpdateDate>2017-11-10T11:41:00Z</lei:LastUpdateDate>
        <lei:RegistrationStatus>ISSUED</lei:RegistrationStatus>
        <lei:NextRenewalDate>2018-11-06T00:00:00Z</lei:NextRenewalDate>
        <lei:ManagingLOU>029200067A7K6CH0H586</lei:ManagingLOU>
        <lei:ValidationSources>FULLY_CORROBORATED</lei:ValidationSources>
        <lei:ValidationAuthority>
          <lei:ValidationAuthorityID>RA000469</lei:ValidationAuthorityID>
        </lei:ValidationAuthority>
      </lei:Registration>
    </lei:LEIRecord>
    <lei:LEIRecord>
      <lei:LEI>029200067A7K6CH0H586</lei:LEI>
      <lei:Entity>
        <lei:LegalName xml:lang="en">CENTRAL SECURITIES CLEARING SYSTEM PLC</lei:LegalName>
        <lei:OtherEntityNames>
          <lei:OtherEntityName xml:lang="fr" type="ALTERNATIVE_LANGUAGE_LEGAL_NAME">CENTRAL SECURITIES CLEARING SYSTEM PLC</lei:OtherEntityName>
        </lei:OtherEntityNames>
        <lei:LegalAddress xml:lang="en">
          <lei:FirstAddressLine>2/4 CUSTOMS STREET, STOCK EXCHANGE HOUSE</lei:FirstAddressLine>
          <lei:AdditionalAddressLine>14TH FLOOR, P.O.BOX 3168, MARINA</lei:AdditionalAddressLine>
          <lei:City>LAGOS</lei:City>
          <lei:Region>NG-LA</lei:Region>
          <lei:Country>NG</lei:Country>
          <lei:PostalCode>23401</lei:PostalCode>
        </lei:LegalAddress>
        <lei:HeadquartersAddress xml:lang="en">
          <lei:FirstAddressLine>2/4 CUSTOMS STREET, STOCK EXCHANGE HOUSE</lei:FirstAddressLine>
          <lei:AdditionalAddressLine>14TH FLOOR, P.O.BOX 3168, MARINA</lei:AdditionalAddressLine>
          <lei:City>LAGOS</lei:City>
          <lei:Region>NG-LA</lei:Region>
          <lei:Country>NG</lei:Country>
        </lei:HeadquartersAddress>
        <lei:OtherAddresses>
          <lei:OtherAddress xml:lang="fr" type="ALTERNATIVE_LANGUAGE_HEADQUARTERS_ADDRESS">
            <lei:FirstAddressLine>2/4 CUSTOMS STREET, STOCK EXCHANGE HOUSE</lei:FirstAddressLine>
            <lei:AdditionalAddressLine>14TH FLOOR, P.O.BOX 3168, MARINA</lei:AdditionalAddressLine>
            <lei:City>LAGOS</lei:City>
            <lei:Region>NG-LA</lei:Region>
            <lei:Country>NG</lei:Country>
            <lei:PostalCode>23401</lei:PostalCode>
          </lei:OtherAddress>
        </lei:OtherAddresses>
        <lei:RegistrationAuthority>
          <lei:RegistrationAuthorityID>RA000469</lei:RegistrationAuthorityID>
          <lei:RegistrationAuthorityEntityID>RC201018</lei:RegistrationAuthorityEntityID>
        </lei:RegistrationAuthority>
        <lei:LegalJurisdiction>NG-LA</lei:LegalJurisdiction>
        <lei:LegalForm>
          <lei:EntityLegalFormCode>8888</lei:EntityLegalFormCode>
          <lei:OtherLegalForm>LIMITED</lei:OtherLegalForm>
        </lei:LegalForm>
        <lei:EntityStatus>ACTIVE</lei:EntityStatus>
      </lei:Entity>
      <lei:Registration>
        <lei:InitialRegistrationDate>2014-11-06T00:00:00Z</lei:InitialRegistrationDate>
        <lei:LastUpdateDate>2017-11-27T15:02:01Z</lei:LastUpdateDate>
        <lei:RegistrationStatus>ISSUED</lei:RegistrationStatus>
        <lei:NextRenewalDate>2018-11-06T00:00:00Z</lei:NextRenewalDate>
        <lei:ManagingLOU>029200067A7K6CH0H586</lei:ManagingLOU>
        <lei:ValidationSources>FULLY_CORROBORATED</lei:ValidationSources>
        <lei:ValidationAuthority>
          <lei:ValidationAuthorityID>RA000469</lei:ValidationAuthorityID>
        </lei:ValidationAuthority>
      </lei:Registration>
    </lei:LEIRecord>
    <lei:LEIRecord>
      <lei:LEI>029200050A6L6XA0G556</lei:LEI>
      <lei:Entity>
        <lei:LegalName xml:lang="en">COWRY SECURITIES LIMITED</lei:LegalName>
        <lei:OtherEntityNames>
          <lei:OtherEntityName xml:lang="fr" type="ALTERNATIVE_LANGUAGE_LEGAL_NAME">COWRY SECURITIES LIMITED</lei:OtherEntityName>
        </lei:OtherEntityNames>
        <lei:LegalAddress xml:lang="en">
          <lei:FirstAddressLine>PLOT 1319 KARIMU KOTUN STREET</lei:FirstAddressLine>
          <lei:AdditionalAddressLine>VICTORIA ISLAND</lei:AdditionalAddressLine>
          <lei:City>LAGOS</lei:City>
          <lei:Region>NG-LA</lei:Region>
          <lei:Country>NG</lei:Country>
          <lei:PostalCode>23401</lei:PostalCode>
        </lei:LegalAddress>
        <lei:HeadquartersAddress xml:lang="en">
          <lei:FirstAddressLine>PLOT 1319 KARIMU KOTUN STREET</lei:FirstAddressLine>
          <lei:AdditionalAddressLine>VICTORIA ISLAND</lei:AdditionalAddressLine>
          <lei:City>LAGOS</lei:City>
          <lei:Region>NG-LA</lei:Region>
          <lei:Country>NG</lei:Country>
        </lei:HeadquartersAddress>
        <lei:OtherAddresses>
          <lei:OtherAddress xml:lang="fr" type="ALTERNATIVE_LANGUAGE_HEADQUARTERS_ADDRESS">
            <lei:FirstAddressLine>PLOT 1319 KARIMU KOTUN STREET</lei:FirstAddressLine>
            <lei:AdditionalAddressLine>VICTORIA ISLAND</lei:AdditionalAddressLine>
            <lei:City>LAGOS</lei:City>
            <lei:Region>NG-LA</lei:Region>
            <lei:Country>NG</lei:Country>
            <lei:PostalCode>23401</lei:PostalCode>
          </lei:OtherAddress>
        </lei:OtherAddresses>
        <lei:RegistrationAuthority>
          <lei:RegistrationAuthorityID>RA000469</lei:RegistrationAuthorityID>
          <lei:RegistrationAuthorityEntityID>RC902113</lei:RegistrationAuthorityEntityID>
        </lei:RegistrationAuthority>
        <lei:LegalJurisdiction>NG-LA</lei:LegalJurisdiction>
        <lei:LegalForm>
          <lei:EntityLegalFormCode>8888</lei:EntityLegalFormCode>
          <lei:OtherLegalForm>LIMITED</lei:OtherLegalForm>
        </lei:LegalForm>
        <lei:EntityStatus>ACTIVE</lei:EntityStatus>
      </lei:Entity>
      <lei:Registration>
        <lei:InitialRegistrationDate>2014-11-06T00:00:00Z</lei:InitialRegistrationDate>
        <lei:LastUpdateDate>2017-11-05T23:00:15Z</lei:LastUpdateDate>
        <lei:RegistrationStatus>ISSUED</lei:RegistrationStatus>
        <lei:NextRenewalDate>2018-11-06T00:00:00Z</lei:NextRenewalDate>
        <lei:ManagingLOU>029200067A7K6CH0H586</lei:ManagingLOU>
        <lei:ValidationSources>FULLY_CORROBORATED</lei:ValidationSources>
        <lei:ValidationAuthority>
          <lei:ValidationAuthorityID>RA000469</lei:ValidationAuthorityID>
        </lei:ValidationAuthority>
      </lei:Registration>
    </lei:LEIRecord>
    <lei:LEIRecord>
      <lei:LEI>029200028G3L5BI6D581</lei:LEI>
      <lei:Entity>
        <lei:LegalName xml:lang="en">DIAMOND SECURITIES LIMITED</lei:LegalName>
        <lei:OtherEntityNames>
          <lei:OtherEntityName xml:lang="fr" type="ALTERNATIVE_LANGUAGE_LEGAL_NAME">DIAMOND SECURITIES LIMITED</lei:OtherEntityName>
        </lei:OtherEntityNames>
        <lei:LegalAddress xml:lang="en">
          <lei:FirstAddressLine>33B CAMERON ROAD</lei:FirstAddressLine>
          <lei:AdditionalAddressLine>IKOYI</lei:AdditionalAddressLine>
          <lei:City>LAGOS</lei:City>
          <lei:Region>NG-LA</lei:Region>
          <lei:Country>NG</lei:Country>
          <lei:PostalCode>23401</lei:PostalCode>
        </lei:LegalAddress>
        <lei:HeadquartersAddress xml:lang="en">
          <lei:FirstAddressLine>33B CAMERON ROAD</lei:FirstAddressLine>
          <lei:AdditionalAddressLine>IKOYI</lei:AdditionalAddressLine>
          <lei:City>LAGOS</lei:City>
          <lei:Region>NG-LA</lei:Region>
          <lei:Country>NG</lei:Country>
        </lei:HeadquartersAddress>
        <lei:OtherAddresses>
          <lei:OtherAddress xml:lang="fr" type="ALTERNATIVE_LANGUAGE_HEADQUARTERS_ADDRESS">
            <lei:FirstAddressLine>33B CAMERON ROAD</lei:FirstAddressLine>
            <lei:AdditionalAddressLine>IKOYI</lei:AdditionalAddressLine>
            <lei:City>LAGOS</lei:City>
            <lei:Region>NG-LA</lei:Region>
            <lei:Country>NG</lei:Country>
            <lei:PostalCode>23401</lei:PostalCode>
          </lei:OtherAddress>
        </lei:OtherAddresses>
        <lei:RegistrationAuthority>
          <lei:RegistrationAuthorityID>RA000469</lei:RegistrationAuthorityID>
          <lei:RegistrationAuthorityEntityID>RC165127</lei:RegistrationAuthorityEntityID>
        </lei:RegistrationAuthority>
        <lei:LegalJurisdiction>NG-LA</lei:LegalJurisdiction>
        <lei:LegalForm>
          <lei:EntityLegalFormCode>8888</lei:EntityLegalFormCode>
          <lei:OtherLegalForm>LIMITED</lei:OtherLegalForm>
        </lei:LegalForm>
        <lei:EntityStatus>ACTIVE</lei:EntityStatus>
      </lei:Entity>
      <lei:Registration>
        <lei:InitialRegistrationDate>2014-11-06T00:00:00Z</lei:InitialRegistrationDate>
        <lei:LastUpdateDate>2017-11-07T09:40:44Z</lei:LastUpdateDate>
        <lei:RegistrationStatus>LAPSED</lei:RegistrationStatus>
        <lei:NextRenewalDate>2017-11-06T00:00:00Z</lei:NextRenewalDate>
        <lei:ManagingLOU>029200067A7K6CH0H586</lei:ManagingLOU>
        <lei:ValidationSources>FULLY_CORROBORATED</lei:ValidationSources>
        <lei:ValidationAuthority>
          <lei:ValidationAuthorityID>RA000469</lei:ValidationAuthorityID>
        </lei:ValidationAuthority>
      </lei:Registration>
    </lei:LEIRecord>
    <lei:LEIRecord>
      <lei:LEI>029200073F9T3DD5J993</lei:LEI>
      <lei:Entity>
        <lei:LegalName xml:lang="en">ECL ASSET MANAGEMENT LIMITED</lei:LegalName>
        <lei:OtherEntityNames>
          <lei:OtherEntityName xml:lang="fr" type="ALTERNATIVE_LANGUAGE_LEGAL_NAME">ECL ASSET MANAGEMENT LIMITED</lei:OtherEntityName>
        </lei:OtherEntityNames>
        <lei:LegalAddress xml:lang="en">
          <lei:FirstAddressLine>PLOT 154,PRINCE ADE ODEDINA STREET</lei:FirstAddressLine>
          <lei:AdditionalAddressLine>OFF SINARI DARANIJO STREET, OFF AJOSE ADEOGUN STREET, VICTORIA ISLAND</lei:AdditionalAddressLine>
          <lei:City>LAGOS</lei:City>
          <lei:Region>NG-LA</lei:Region>
          <lei:Country>NG</lei:Country>
          <lei:PostalCode>23401</lei:PostalCode>
        </lei:LegalAddress>
        <lei:HeadquartersAddress xml:lang="en">
          <lei:FirstAddressLine>PLOT 154,PRINCE ADE ODEDINA STREET</lei:FirstAddressLine>
          <lei:AdditionalAddressLine>OFF SINARI DARANIJO STREET, OFF AJOSE ADEOGUN STREET, VICTORIA ISLAND</lei:AdditionalAddressLine>
          <lei:City>LAGOS</lei:City>
          <lei:Region>NG-LA</lei:Region>
          <lei:Country>NG</lei:Country>
        </lei:HeadquartersAddress>
        <lei:OtherAddresses>
          <lei:OtherAddress xml:lang="fr" type="ALTERNATIVE_LANGUAGE_HEADQUARTERS_ADDRESS">
            <lei:FirstAddressLine>PLOT 154,PRINCE ADE ODEDINA STREET</lei:FirstAddressLine>
            <lei:AdditionalAddressLine>OFF SINARI DARANIJO STREET, OFF AJOSE ADEOGUN STREET, VICTORIA ISLAND</lei:AdditionalAddressLine>
            <lei:City>LAGOS</lei:City>
            <lei:Region>NG-LA</lei:Region>
            <lei:Country>NG</lei:Country>
            <lei:PostalCode>23401</lei:PostalCode>
          </lei:OtherAddress>
        </lei:OtherAddresses>
        <lei:RegistrationAuthority>
          <lei:RegistrationAuthorityID>RA000469</lei:RegistrationAuthorityID>
          <lei:RegistrationAuthorityEntityID>RC659949</lei:RegistrationAuthorityEntityID>
        </lei:RegistrationAuthority>
        <lei:LegalJurisdiction>NG-LA</lei:LegalJurisdiction>
        <lei:LegalForm>
          <lei:EntityLegalFormCode>8888</lei:EntityLegalFormCode>
          <lei:OtherLegalForm>LIMITED</lei:OtherLegalForm>
        </lei:LegalForm>
        <lei:EntityStatus>ACTIVE</lei:EntityStatus>
      </lei:Entity>
      <lei:Registration>
        <lei:InitialRegistrationDate>2014-11-06T00:00:00Z</lei:InitialRegistrationDate>
        <lei:LastUpdateDate>2017-03-27T16:00:00Z</lei:LastUpdateDate>
        <lei:RegistrationStatus>LAPSED</lei:RegistrationStatus>
        <lei:NextRenewalDate>2015-11-06T00:00:00Z</lei:NextRenewalDate>
        <lei:ManagingLOU>029200067A7K6CH0H586</lei:ManagingLOU>
        <lei:ValidationSources>FULLY_CORROBORATED</lei:ValidationSources>
        <lei:ValidationAuthority>
          <lei:ValidationAuthorityID>RA000469</lei:ValidationAuthorityID>
        </lei:ValidationAuthority>
      </lei:Registration>
    </lei:LEIRecord>
    <lei:LEIRecord>
      <lei:LEI>029200086F9P0XG5J787</lei:LEI>
      <lei:Entity>
        <lei:LegalName xml:lang="en">EUROCOMM SECURITIES LIMITED</lei:LegalName>
        <lei:OtherEntityNames>
          <lei:OtherEntityName xml:lang="fr" type="ALTERNATIVE_LANGUAGE_LEGAL_NAME">EUROCOMM SECURITIES LIMITED</lei:OtherEntityName>
        </lei:OtherEntityNames>
        <lei:LegalAddress xml:lang="en">
          <lei:FirstAddressLine>4TH FLOOR, NEW AFRICA HOUSE</lei:FirstAddressLine>
          <lei:AdditionalAddressLine>31 MARINA LAGOS ISLAND P O BOX 2283 MARINA</lei:AdditionalAddressLine>
          <lei:City>LAGOS</lei:City>
          <lei:Region>NG-LA</lei:Region>
          <lei:Country>NG</lei:Country>
          <lei:PostalCode>23401</lei:PostalCode>
        </lei:LegalAddress>
        <lei:HeadquartersAddress xml:lang="en">
          <lei:FirstAddressLine>4TH FLOOR, NEW AFRICA HOUSE</lei:FirstAddressLine>
          <lei:AdditionalAddressLine>31 MARINA LAGOS ISLAND P O BOX 2283 MARINA</lei:AdditionalAddressLine>
          <lei:City>LAGOS</lei:City>
          <lei:Region>NG-LA</lei:Region>
          <lei:Country>NG</lei:Country>
        </lei:HeadquartersAddress>
        <lei:OtherAddresses>
          <lei:OtherAddress xml:lang="fr" type="ALTERNATIVE_LANGUAGE_HEADQUARTERS_ADDRESS">
            <lei:FirstAddressLine>4TH FLOOR, NEW AFRICA HOUSE</lei:FirstAddressLine>
            <lei:AdditionalAddressLine>31 MARINA LAGOS ISLAND P O BOX 2283 MARINA</lei:AdditionalAddressLine>
            <lei:City>LAGOS</lei:City>
            <lei:Region>NG-LA</lei:Region>
            <lei:Country>NG</lei:Country>
            <lei:PostalCode>23401</lei:PostalCode>
          </lei:OtherAddress>
        </lei:OtherAddresses>
        <lei:RegistrationAuthority>
          <lei:RegistrationAuthorityID>RA000469</lei:RegistrationAuthorityID>
          <lei:RegistrationAuthorityEntityID>RC359573</lei:RegistrationAuthorityEntityID>
        </lei:RegistrationAuthority>
        <lei:LegalJurisdiction>NG-LA</lei:LegalJurisdiction>
        <lei:LegalForm>
          <lei:EntityLegalFormCode>8888</lei:EntityLegalFormCode>
          <lei:OtherLegalForm>LIMITED</lei:OtherLegalForm>
        </lei:LegalForm>
        <lei:EntityStatus>ACTIVE</lei:EntityStatus>
      </lei:Entity>
      <lei:Registration>
        <lei:InitialRegistrationDate>2014-11-06T00:00:00Z</lei:InitialRegistrationDate>
        <lei:LastUpdateDate>2018-01-07T00:15:05Z</lei:LastUpdateDate>
        <lei:RegistrationStatus>LAPSED</lei:RegistrationStatus>
        <lei:NextRenewalDate>2018-01-06T00:00:00Z</lei:NextRenewalDate>
        <lei:ManagingLOU>029200067A7K6CH0H586</lei:ManagingLOU>
        <lei:ValidationSources>FULLY_CORROBORATED</lei:ValidationSources>
        <lei:ValidationAuthority>
          <lei:ValidationAuthorityID>RA000469</lei:ValidationAuthorityID>
        </lei:ValidationAuthority>
      </lei:Registration>
    </lei:LEIRecord>
    <lei:LEIRecord>
      <lei:LEI>029200107H2M7CH7C666</lei:LEI>
      <lei:Entity>
        <lei:LegalName xml:lang="en">FSDH SECURITIES LIMITED</lei:LegalName>
        <lei:OtherEntityNames>
          <lei:OtherEntityName xml:lang="fr" type="ALTERNATIVE_LANGUAGE_LEGAL_NAME">FSDH SECURITIES LIMITED</lei:OtherEntityName>
        </lei:OtherEntityNames>
        <lei:LegalAddress xml:lang="en">
          <lei:FirstAddressLine>5-8 FLOORS, UAC HOUSE</lei:FirstAddressLine>
          <lei:AdditionalAddressLine>1/5 ODULAMI STREET</lei:AdditionalAddressLine>
          <lei:City>LAGOS</lei:City>
          <lei:Region>NG-LA</lei:Region>
          <lei:Country>NG</lei:Country>
          <lei:PostalCode>23401</lei:PostalCode>
        </lei:LegalAddress>
        <lei:HeadquartersAddress xml:lang="en">
          <lei:FirstAddressLine>5-8 FLOORS, UAC HOUSE</lei:FirstAddressLine>
          <lei:AdditionalAddressLine>1/5 ODULAMI STREET</lei:AdditionalAddressLine>
          <lei:City>LAGOS</lei:City>
          <lei:Region>NG-LA</lei:Region>
          <lei:Country>NG</lei:Country>
        </lei:HeadquartersAddress>
        <lei:OtherAddresses>
          <lei:OtherAddress xml:lang="fr" type="ALTERNATIVE_LANGUAGE_HEADQUARTERS_ADDRESS">
            <lei:FirstAddressLine>5-8 FLOORS, UAC HOUSE</lei:FirstAddressLine>
            <lei:AdditionalAddressLine>1/5 ODULAMI STREET</lei:AdditionalAddressLine>
            <lei:City>LAGOS</lei:City>
            <lei:Region>NG-LA</lei:Region>
            <lei:Country>NG</lei:Country>
            <lei:PostalCode>23401</lei:PostalCode>
          </lei:OtherAddress>
        </lei:OtherAddresses>
        <lei:RegistrationAuthority>
          <lei:RegistrationAuthorityID>RA000469</lei:RegistrationAuthorityID>
          <lei:RegistrationAuthorityEntityID>RC276208</lei:RegistrationAuthorityEntityID>
        </lei:RegistrationAuthority>
        <lei:LegalJurisdiction>NG-LA</lei:LegalJurisdiction>
        <lei:LegalForm>
          <lei:EntityLegalFormCode>8888</lei:EntityLegalFormCode>
          <lei:OtherLegalForm>LIMITED</lei:OtherLegalForm>
        </lei:LegalForm>
        <lei:EntityStatus>ACTIVE</lei:EntityStatus>
      </lei:Entity>
      <lei:Registration>
        <lei:InitialRegistrationDate>2014-11-06T00:00:00Z</lei:InitialRegistrationDate>
        <lei:LastUpdateDate>2017-11-05T23:00:24Z</lei:LastUpdateDate>
        <lei:RegistrationStatus>ISSUED</lei:RegistrationStatus>
        <lei:NextRenewalDate>2018-11-06T00:00:00Z</lei:NextRenewalDate>
        <lei:ManagingLOU>029200067A7K6CH0H586</lei:ManagingLOU>
        <lei:ValidationSources>FULLY_CORROBORATED</lei:ValidationSources>
        <lei:ValidationAuthority>
          <lei:ValidationAuthorityID>RA000469</lei:ValidationAuthorityID>
        </lei:ValidationAuthority>
      </lei:Registration>
    </lei:LEIRecord>
    <lei:LEIRecord>
      <lei:LEI>029200117F9M1UH5J696</lei:LEI>
      <lei:Entity>
        <lei:LegalName xml:lang="en">INDEPENDENT SECURITIES LIMITED</lei:LegalName>
        <lei:OtherEntityNames>
          <lei:OtherEntityName xml:lang="fr" type="ALTERNATIVE_LANGUAGE_LEGAL_NAME">QUALINVEST CAPITAL LIMITED</lei:OtherEntityName>
        </lei:OtherEntityNames>
        <lei:LegalAddress xml:lang="en">
          <lei:FirstAddressLine>1ST FLOOR, FORESIGHT HOUSE</lei:FirstAddressLine>
          <lei:AdditionalAddressLine>163/165,BROAD STREET</lei:AdditionalAddressLine>
          <lei:City>LAGOS</lei:City>
          <lei:Region>NG-LA</lei:Region>
          <lei:Country>NG</lei:Country>
          <lei:PostalCode>23401</lei:PostalCode>
        </lei:LegalAddress>
        <lei:HeadquartersAddress xml:lang="en">
          <lei:FirstAddressLine>1ST FLOOR, FORESIGHT HOUSE</lei:FirstAddressLine>
          <lei:AdditionalAddressLine>163/165,BROAD STREET</lei:AdditionalAddressLine>
          <lei:City>LAGOS</lei:City>
          <lei:Region>NG-LA</lei:Region>
          <lei:Country>NG</lei:Country>
        </lei:HeadquartersAddress>
        <lei:OtherAddresses>
          <lei:OtherAddress xml:lang="fr" type="ALTERNATIVE_LANGUAGE_HEADQUARTERS_ADDRESS">
            <lei:FirstAddressLine>1ST FLOOR, FORESIGHT HOUSE</lei:FirstAddressLine>
            <lei:AdditionalAddressLine>163/165,BROAD STREET</lei:AdditionalAddressLine>
            <lei:City>LAGOS</lei:City>
            <lei:Region>NG-LA</lei:Region>
            <lei:Country>NG</lei:Country>
            <lei:PostalCode>23401</lei:PostalCode>
          </lei:OtherAddress>
        </lei:OtherAddresses>
        <lei:RegistrationAuthority>
          <lei:RegistrationAuthorityID>RA000469</lei:RegistrationAuthorityID>
          <lei:RegistrationAuthorityEntityID>RC259260</lei:RegistrationAuthorityEntityID>
        </lei:RegistrationAuthority>
        <lei:LegalJurisdiction>NG-LA</lei:LegalJurisdiction>
        <lei:LegalForm>
          <lei:EntityLegalFormCode>8888</lei:EntityLegalFormCode>
          <lei:OtherLegalForm>LIMITED</lei:OtherLegalForm>
        </lei:LegalForm>
        <lei:EntityStatus>ACTIVE</lei:EntityStatus>
      </lei:Entity>
      <lei:Registration>
        <lei:InitialRegistrationDate>2014-11-06T00:00:00Z</lei:InitialRegistrationDate>
        <lei:LastUpdateDate>2017-11-05T23:00:31Z</lei:LastUpdateDate>
        <lei:RegistrationStatus>ISSUED</lei:RegistrationStatus>
        <lei:NextRenewalDate>2018-11-06T00:00:00Z</lei:NextRenewalDate>
        <lei:ManagingLOU>029200067A7K6CH0H586</lei:ManagingLOU>
        <lei:ValidationSources>FULLY_CORROBORATED</lei:ValidationSources>
        <lei:ValidationAuthority>
          <lei:ValidationAuthorityID>RA000469</lei:ValidationAuthorityID>
        </lei:ValidationAuthority>
      </lei:Registration>
    </lei:LEIRecord>
    <lei:LEIRecord>
      <lei:LEI>029200122C3N8YC2D645</lei:LEI>
      <lei:Entity>
        <lei:LegalName xml:lang="en">INVESTMENT ONE STOCKBROKERS INTL LTD</lei:LegalName>
        <lei:OtherEntityNames>
          <lei:OtherEntityName xml:lang="fr" type="ALTERNATIVE_LANGUAGE_LEGAL_NAME">INVESTMENT ONE STOCKBROKERS INTL LTD</lei:OtherEntityName>
        </lei:OtherEntityNames>
        <lei:LegalAddress xml:lang="en">
          <lei:FirstAddressLine>37,KARIMU IKOTUN STREET</lei:FirstAddressLine>
          <lei:AdditionalAddressLine>VICTORIA ISLAND</lei:AdditionalAddressLine>
          <lei:City>LAGOS</lei:City>
          <lei:Region>NG-LA</lei:Region>
          <lei:Country>NG</lei:Country>
          <lei:PostalCode>23401</lei:PostalCode>
        </lei:LegalAddress>
        <lei:HeadquartersAddress xml:lang="en">
          <lei:FirstAddressLine>NO 2, BROAD STREET</lei:FirstAddressLine>
          <lei:AdditionalAddressLine>LAGOS ISLAND LAGOS</lei:AdditionalAddressLine>
          <lei:City>LAGOS</lei:City>
          <lei:Region>NG-LA</lei:Region>
          <lei:Country>NG</lei:Country>
        </lei:HeadquartersAddress>
        <lei:OtherAddresses>
          <lei:OtherAddress xml:lang="fr" type="ALTERNATIVE_LANGUAGE_HEADQUARTERS_ADDRESS">
            <lei:FirstAddressLine>NO 2, BROAD STREET</lei:FirstAddressLine>
            <lei:AdditionalAddressLine>LAGOS ISLAND LAGOS</lei:AdditionalAddressLine>
            <lei:City>LAGOS</lei:City>
            <lei:Region>NG-LA</lei:Region>
            <lei:Country>NG</lei:Country>
            <lei:PostalCode>23401</lei:PostalCode>
          </lei:OtherAddress>
        </lei:OtherAddresses>
        <lei:RegistrationAuthority>
          <lei:RegistrationAuthorityID>RA000469</lei:RegistrationAuthorityID>
          <lei:RegistrationAuthorityEntityID>RC725394</lei:RegistrationAuthorityEntityID>
        </lei:RegistrationAuthority>
        <lei:LegalJurisdiction>NG-LA</lei:LegalJurisdiction>
        <lei:LegalForm>
          <lei:EntityLegalFormCode>8888</lei:EntityLegalFormCode>
          <lei:OtherLegalForm>LIMITED</lei:OtherLegalForm>
        </lei:LegalForm>
        <lei:EntityStatus>ACTIVE</lei:EntityStatus>
      </lei:Entity>
      <lei:Registration>
        <lei:InitialRegistrationDate>2014-11-06T00:00:00Z</lei:InitialRegistrationDate>
        <lei:LastUpdateDate>2017-11-07T09:40:44Z</lei:LastUpdateDate>
        <lei:RegistrationStatus>LAPSED</lei:RegistrationStatus>
        <lei:NextRenewalDate>2017-11-06T00:00:00Z</lei:NextRenewalDate>
        <lei:ManagingLOU>029200067A7K6CH0H586</lei:ManagingLOU>
        <lei:ValidationSources>FULLY_CORROBORATED</lei:ValidationSources>
        <lei:ValidationAuthority>
          <lei:ValidationAuthorityID>RA000469</lei:ValidationAuthorityID>
        </lei:ValidationAuthority>
      </lei:Registration>
    </lei:LEIRecord>
    <lei:LEIRecord>
      <lei:LEI>029200248G4K0AI6E516</lei:LEI>
      <lei:Entity>
        <lei:LegalName xml:lang="en">MAGNARTIS FINANCE AND INVESTMENT LTD</lei:LegalName>
        <lei:OtherEntityNames>
          <lei:OtherEntityName xml:lang="fr" type="ALTERNATIVE_LANGUAGE_LEGAL_NAME">MAGNARTIS FINANCE AND INVESTMENT LTD</lei:OtherEntityName>
        </lei:OtherEntityNames>
        <lei:LegalAddress xml:lang="en">
          <lei:FirstAddressLine>16 BOYLE STREET</lei:FirstAddressLine>
          <lei:AdditionalAddressLine>ONIKAN</lei:AdditionalAddressLine>
          <lei:City>LAGOS</lei:City>
          <lei:Region>NG-LA</lei:Region>
          <lei:Country>NG</lei:Country>
          <lei:PostalCode>23401</lei:PostalCode>
        </lei:LegalAddress>
        <lei:HeadquartersAddress xml:lang="en">
          <lei:FirstAddressLine>16 BOYLE STREET</lei:FirstAddressLine>
          <lei:AdditionalAddressLine>ONIKAN</lei:AdditionalAddressLine>
          <lei:City>LAGOS</lei:City>
          <lei:Region>NG-LA</lei:Region>
          <lei:Country>NG</lei:Country>
        </lei:HeadquartersAddress>
        <lei:OtherAddresses>
          <lei:OtherAddress xml:lang="fr" type="ALTERNATIVE_LANGUAGE_HEADQUARTERS_ADDRESS">
            <lei:FirstAddressLine>16 BOYLE STREET</lei:FirstAddressLine>
            <lei:AdditionalAddressLine>ONIKAN</lei:AdditionalAddressLine>
            <lei:City>LAGOS</lei:City>
            <lei:Region>NG-LA</lei:Region>
            <lei:Country>NG</lei:Country>
            <lei:PostalCode>23401</lei:PostalCode>
          </lei:OtherAddress>
        </lei:OtherAddresses>
        <lei:RegistrationAuthority>
          <lei:RegistrationAuthorityID>RA000469</lei:RegistrationAuthorityID>
          <lei:RegistrationAuthorityEntityID>RC164076</lei:RegistrationAuthorityEntityID>
        </lei:RegistrationAuthority>
        <lei:LegalJurisdiction>NG-LA</lei:LegalJurisdiction>
        <lei:LegalForm>
          <lei:EntityLegalFormCode>8888</lei:EntityLegalFormCode>
          <lei:OtherLegalForm>LIMITED</lei:OtherLegalForm>
        </lei:LegalForm>
        <lei:EntityStatus>ACTIVE</lei:EntityStatus>
      </lei:Entity>
      <lei:Registration>
        <lei:InitialRegistrationDate>2014-11-06T00:00:00Z</lei:InitialRegistrationDate>
        <lei:LastUpdateDate>2018-01-25T11:11:24Z</lei:LastUpdateDate>
        <lei:RegistrationStatus>ISSUED</lei:RegistrationStatus>
        <lei:NextRenewalDate>2019-01-06T00:00:00Z</lei:NextRenewalDate>
        <lei:ManagingLOU>029200067A7K6CH0H586</lei:ManagingLOU>
        <lei:ValidationSources>FULLY_CORROBORATED</lei:ValidationSources>
        <lei:ValidationAuthority>
          <lei:ValidationAuthorityID>RA000469</lei:ValidationAuthorityID>
        </lei:ValidationAuthority>
      </lei:Registration>
    </lei:LEIRecord>
    <lei:LEIRecord>
      <lei:LEI>029200140H7L9YA7H589</lei:LEI>
      <lei:Entity>
        <lei:LegalName xml:lang="en">MARINA SECURITIES STOCKBROKING SERVICES LIMITED</lei:LegalName>
        <lei:OtherEntityNames>
          <lei:OtherEntityName xml:lang="fr" type="ALTERNATIVE_LANGUAGE_LEGAL_NAME">CORONATION SECURITIES LIMITED</lei:OtherEntityName>
        </lei:OtherEntityNames>
        <lei:LegalAddress xml:lang="en">
          <lei:FirstAddressLine>NO 10 AMODU OJIKUTU STREET</lei:FirstAddressLine>
          <lei:AdditionalAddressLine>VICTORIA ISLAND</lei:AdditionalAddressLine>
          <lei:City>LAGOS</lei:City>
          <lei:Region>NG-LA</lei:Region>
          <lei:Country>NG</lei:Country>
          <lei:PostalCode>23401</lei:PostalCode>
        </lei:LegalAddress>
        <lei:HeadquartersAddress xml:lang="en">
          <lei:FirstAddressLine>NO 10 AMODU OJIKUTU STREET</lei:FirstAddressLine>
          <lei:AdditionalAddressLine>VICTORIA ISLAND</lei:AdditionalAddressLine>
          <lei:City>LAGOS</lei:City>
          <lei:Region>NG-LA</lei:Region>
          <lei:Country>NG</lei:Country>
        </lei:HeadquartersAddress>
        <lei:OtherAddresses>
          <lei:OtherAddress xml:lang="fr" type="ALTERNATIVE_LANGUAGE_HEADQUARTERS_ADDRESS">
            <lei:FirstAddressLine>NO 10 AMODU OJIKUTU STREET</lei:FirstAddressLine>
            <lei:AdditionalAddressLine>VICTORIA ISLAND</lei:AdditionalAddressLine>
            <lei:City>LAGOS</lei:City>
            <lei:Region>NG-LA</lei:Region>
            <lei:Country>NG</lei:Country>
            <lei:PostalCode>23401</lei:PostalCode>
          </lei:OtherAddress>
        </lei:OtherAddresses>
        <lei:RegistrationAuthority>
          <lei:RegistrationAuthorityID>RA000469</lei:RegistrationAuthorityID>
          <lei:RegistrationAuthorityEntityID>RC971184</lei:RegistrationAuthorityEntityID>
        </lei:RegistrationAuthority>
        <lei:LegalJurisdiction>NG-LA</lei:LegalJurisdiction>
        <lei:LegalForm>
          <lei:EntityLegalFormCode>8888</lei:EntityLegalFormCode>
          <lei:OtherLegalForm>LIMITED</lei:OtherLegalForm>
        </lei:LegalForm>
        <lei:EntityStatus>ACTIVE</lei:EntityStatus>
      </lei:Entity>
      <lei:Registration>
        <lei:InitialRegistrationDate>2014-11-06T00:00:00Z</lei:InitialRegistrationDate>
        <lei:LastUpdateDate>2017-11-07T09:40:44Z</lei:LastUpdateDate>
        <lei:RegistrationStatus>LAPSED</lei:RegistrationStatus>
        <lei:NextRenewalDate>2017-11-06T00:00:00Z</lei:NextRenewalDate>
        <lei:ManagingLOU>029200067A7K6CH0H586</lei:ManagingLOU>
        <lei:ValidationSources>FULLY_CORROBORATED</lei:ValidationSources>
        <lei:ValidationAuthority>
          <lei:ValidationAuthorityID>RA000469</lei:ValidationAuthorityID>
        </lei:ValidationAuthority>
      </lei:Registration>
    </lei:LEIRecord>
    <lei:LEIRecord>
      <lei:LEI>029200218B6P4D8I1G47</lei:LEI>
      <lei:Entity>
        <lei:LegalName xml:lang="en">MERISTEM STOCKBROKERS LIMITED</lei:LegalName>
        <lei:OtherEntityNames>
          <lei:OtherEntityName xml:lang="fr" type="ALTERNATIVE_LANGUAGE_LEGAL_NAME">MERISTEM STOCKBROKERS LIMITED</lei:OtherEntityName>
        </lei:OtherEntityNames>
        <lei:LegalAddress xml:lang="en">
          <lei:FirstAddressLine>124 NORMAN WILLIAMS</lei:FirstAddressLine>
          <lei:AdditionalAddressLine>SOUTH WEST IKOYI</lei:AdditionalAddressLine>
          <lei:City>LAGOS</lei:City>
          <lei:Region>NG-LA</lei:Region>
          <lei:Country>NG</lei:Country>
          <lei:PostalCode>23401</lei:PostalCode>
        </lei:LegalAddress>
        <lei:HeadquartersAddress xml:lang="en">
          <lei:FirstAddressLine>124 NORMAN WILLIAMS</lei:FirstAddressLine>
          <lei:AdditionalAddressLine>SOUTH WEST IKOYI</lei:AdditionalAddressLine>
          <lei:City>LAGOS</lei:City>
          <lei:Region>NG-LA</lei:Region>
          <lei:Country>NG</lei:Country>
        </lei:HeadquartersAddress>
        <lei:OtherAddresses>
          <lei:OtherAddress xml:lang="fr" type="ALTERNATIVE_LANGUAGE_HEADQUARTERS_ADDRESS">
            <lei:FirstAddressLine>124 NORMAN WILLIAMS</lei:FirstAddressLine>
            <lei:AdditionalAddressLine>SOUTH WEST IKOYI</lei:AdditionalAddressLine>
            <lei:City>LAGOS</lei:City>
            <lei:Region>NG-LA</lei:Region>
            <lei:Country>NG</lei:Country>
            <lei:PostalCode>23401</lei:PostalCode>
          </lei:OtherAddress>
        </lei:OtherAddresses>
        <lei:RegistrationAuthority>
          <lei:RegistrationAuthorityID>RA000469</lei:RegistrationAuthorityID>
          <lei:RegistrationAuthorityEntityID>RC1125398</lei:RegistrationAuthorityEntityID>
        </lei:RegistrationAuthority>
        <lei:LegalJurisdiction>NG-LA</lei:LegalJurisdiction>
        <lei:LegalForm>
          <lei:EntityLegalFormCode>8888</lei:EntityLegalFormCode>
          <lei:OtherLegalForm>LIMITED</lei:OtherLegalForm>
        </lei:LegalForm>
        <lei:EntityStatus>ACTIVE</lei:EntityStatus>
      </lei:Entity>
      <lei:Registration>
        <lei:InitialRegistrationDate>2014-11-06T00:00:00Z</lei:InitialRegistrationDate>
        <lei:LastUpdateDate>2017-11-07T09:40:44Z</lei:LastUpdateDate>
        <lei:RegistrationStatus>LAPSED</lei:RegistrationStatus>
        <lei:NextRenewalDate>2017-11-06T00:00:00Z</lei:NextRenewalDate>
        <lei:ManagingLOU>029200067A7K6CH0H586</lei:ManagingLOU>
        <lei:ValidationSources>FULLY_CORROBORATED</lei:ValidationSources>
        <lei:ValidationAuthority>
          <lei:ValidationAuthorityID>RA000469</lei:ValidationAuthorityID>
        </lei:ValidationAuthority>
      </lei:Registration>
    </lei:LEIRecord>
    <lei:LEIRecord>
      <lei:LEI>029200237D6N4H3G6E37</lei:LEI>
      <lei:Entity>
        <lei:LegalName xml:lang="en">NEWDEVCO INVESTMENT AND SECURITIES COMPANY LIMITED</lei:LegalName>
        <lei:OtherEntityNames>
          <lei:OtherEntityName xml:lang="fr" type="ALTERNATIVE_LANGUAGE_LEGAL_NAME">NEWDEVCO INVESTMENT AND SECURITIES COMPANY LIMITED</lei:OtherEntityName>
        </lei:OtherEntityNames>
        <lei:LegalAddress xml:lang="en">
          <lei:FirstAddressLine>NO 4 MUHAMMADU BUHARI WAY</lei:FirstAddressLine>
          <lei:AdditionalAddressLine>NNIL BUILDING KADUNA</lei:AdditionalAddressLine>
          <lei:City>KADUNA</lei:City>
          <lei:Region>NG-KD</lei:Region>
          <lei:Country>NG</lei:Country>
          <lei:PostalCode>23401</lei:PostalCode>
        </lei:LegalAddress>
        <lei:HeadquartersAddress xml:lang="en">
          <lei:FirstAddressLine>NO 4 MUHAMMADU BUHARI WAY</lei:FirstAddressLine>
          <lei:AdditionalAddressLine>NNIL BUILDING KADUNA</lei:AdditionalAddressLine>
          <lei:City>KADUNA</lei:City>
          <lei:Region>NG-KD</lei:Region>
          <lei:Country>NG</lei:Country>
        </lei:HeadquartersAddress>
        <lei:OtherAddresses>
          <lei:OtherAddress xml:lang="fr" type="ALTERNATIVE_LANGUAGE_HEADQUARTERS_ADDRESS">
            <lei:FirstAddressLine>NO 4 MUHAMMADU BUHARI WAY</lei:FirstAddressLine>
            <lei:AdditionalAddressLine>NNIL BUILDING KADUNA</lei:AdditionalAddressLine>
            <lei:City>KADUNA</lei:City>
            <lei:Region>NG-KD</lei:Region>
            <lei:Country>NG</lei:Country>
            <lei:PostalCode>23401</lei:PostalCode>
          </lei:OtherAddress>
        </lei:OtherAddresses>
        <lei:RegistrationAuthority>
          <lei:RegistrationAuthorityID>RA000469</lei:RegistrationAuthorityID>
          <lei:RegistrationAuthorityEntityID>RC23233</lei:RegistrationAuthorityEntityID>
        </lei:RegistrationAuthority>
        <lei:LegalJurisdiction>NG-KD</lei:LegalJurisdiction>
        <lei:LegalForm>
          <lei:EntityLegalFormCode>8888</lei:EntityLegalFormCode>
          <lei:OtherLegalForm>LIMITED</lei:OtherLegalForm>
        </lei:LegalForm>
        <lei:EntityStatus>ACTIVE</lei:EntityStatus>
      </lei:Entity>
      <lei:Registration>
        <lei:InitialRegistrationDate>2014-11-06T00:00:00Z</lei:InitialRegistrationDate>
        <lei:LastUpdateDate>2017-11-05T23:00:41Z</lei:LastUpdateDate>
        <lei:RegistrationStatus>ISSUED</lei:RegistrationStatus>
        <lei:NextRenewalDate>2018-11-06T00:00:00Z</lei:NextRenewalDate>
        <lei:ManagingLOU>029200067A7K6CH0H586</lei:ManagingLOU>
        <lei:ValidationSources>FULLY_CORROBORATED</lei:ValidationSources>
        <lei:ValidationAuthority>
          <lei:ValidationAuthorityID>RA000469</lei:ValidationAuthorityID>
        </lei:ValidationAuthority>
      </lei:Registration>
    </lei:LEIRecord>
    <lei:LEIRecord>
      <lei:LEI>029200156B8S2G1I9C02</lei:LEI>
      <lei:Entity>
        <lei:LegalName xml:lang="en">NIGERIAN INTERNATIONAL SECURITIES LIMITED</lei:LegalName>
        <lei:OtherEntityNames>
          <lei:OtherEntityName xml:lang="fr" type="ALTERNATIVE_LANGUAGE_LEGAL_NAME">NIGERIAN INTERNATIONAL SECURITIES LIMITED</lei:OtherEntityName>
        </lei:OtherEntityNames>
        <lei:LegalAddress xml:lang="en">
          <lei:FirstAddressLine>3 ALHAJI KANIKE STREET</lei:FirstAddressLine>
          <lei:AdditionalAddressLine>OFF AWOLOWO ROAD, S.W IKOYI</lei:AdditionalAddressLine>
          <lei:City>LAGOS</lei:City>
          <lei:Region>NG-LA</lei:Region>
          <lei:Country>NG</lei:Country>
          <lei:PostalCode>23401</lei:PostalCode>
        </lei:LegalAddress>
        <lei:HeadquartersAddress xml:lang="en">
          <lei:FirstAddressLine>3 ALHAJI KANIKE STREET</lei:FirstAddressLine>
          <lei:AdditionalAddressLine>OFF AWOLOWO ROAD, S.W IKOYI</lei:AdditionalAddressLine>
          <lei:City>LAGOS</lei:City>
          <lei:Region>NG-LA</lei:Region>
          <lei:Country>NG</lei:Country>
        </lei:HeadquartersAddress>
        <lei:OtherAddresses>
          <lei:OtherAddress xml:lang="fr" type="ALTERNATIVE_LANGUAGE_HEADQUARTERS_ADDRESS">
            <lei:FirstAddressLine>3 ALHAJI KANIKE STREET</lei:FirstAddressLine>
            <lei:AdditionalAddressLine>OFF AWOLOWO ROAD, S.W IKOYI</lei:AdditionalAddressLine>
            <lei:City>LAGOS</lei:City>
            <lei:Region>NG-LA</lei:Region>
            <lei:Country>NG</lei:Country>
            <lei:PostalCode>23401</lei:PostalCode>
          </lei:OtherAddress>
        </lei:OtherAddresses>
        <lei:RegistrationAuthority>
          <lei:RegistrationAuthorityID>RA000469</lei:RegistrationAuthorityID>
          <lei:RegistrationAuthorityEntityID>RC31085</lei:RegistrationAuthorityEntityID>
        </lei:RegistrationAuthority>
        <lei:LegalJurisdiction>NG-LA</lei:LegalJurisdiction>
        <lei:LegalForm>
          <lei:EntityLegalFormCode>8888</lei:EntityLegalFormCode>
          <lei:OtherLegalForm>LIMITED</lei:OtherLegalForm>
        </lei:LegalForm>
        <lei:EntityStatus>ACTIVE</lei:EntityStatus>
      </lei:Entity>
      <lei:Registration>
        <lei:InitialRegistrationDate>2014-11-06T00:00:00Z</lei:InitialRegistrationDate>
        <lei:LastUpdateDate>2017-11-07T09:40:44Z</lei:LastUpdateDate>
        <lei:RegistrationStatus>LAPSED</lei:RegistrationStatus>
        <lei:NextRenewalDate>2017-11-06T00:00:00Z</lei:NextRenewalDate>
        <lei:ManagingLOU>029200067A7K6CH0H586</lei:ManagingLOU>
        <lei:ValidationSources>FULLY_CORROBORATED</lei:ValidationSources>
        <lei:ValidationAuthority>
          <lei:ValidationAuthorityID>RA000469</lei:ValidationAuthorityID>
        </lei:ValidationAuthority>
      </lei:Registration>
    </lei:LEIRecord>
    <lei:LEIRecord>
      <lei:LEI>029200258F9S9WI5J946</lei:LEI>
      <lei:Entity>
        <lei:LegalName xml:lang="en">SECURITIES AND CAPITAL MANAGEMENT COMPANY LIMITED</lei:LegalName>
        <lei:OtherEntityNames>
          <lei:OtherEntityName xml:lang="fr" type="ALTERNATIVE_LANGUAGE_LEGAL_NAME">SECURITIES AND CAPITAL MANAGEMENT COMPANY LIMITED</lei:OtherEntityName>
        </lei:OtherEntityNames>
        <lei:LegalAddress xml:lang="en">
          <lei:FirstAddressLine>107 BAMGBOSE STREET</lei:FirstAddressLine>
          <lei:AdditionalAddressLine>LAGOS ISLAND</lei:AdditionalAddressLine>
          <lei:City>LAGOS</lei:City>
          <lei:Region>NG-LA</lei:Region>
          <lei:Country>NG</lei:Country>
          <lei:PostalCode>23401</lei:PostalCode>
        </lei:LegalAddress>
        <lei:HeadquartersAddress xml:lang="en">
          <lei:FirstAddressLine>107 BAMGBOSE STREET</lei:FirstAddressLine>
          <lei:AdditionalAddressLine>LAGOS ISLAND</lei:AdditionalAddressLine>
          <lei:City>LAGOS</lei:City>
          <lei:Region>NG-LA</lei:Region>
          <lei:Country>NG</lei:Country>
        </lei:HeadquartersAddress>
        <lei:OtherAddresses>
          <lei:OtherAddress xml:lang="fr" type="ALTERNATIVE_LANGUAGE_HEADQUARTERS_ADDRESS">
            <lei:FirstAddressLine>107 BAMGBOSE STREET</lei:FirstAddressLine>
            <lei:AdditionalAddressLine>LAGOS ISLAND</lei:AdditionalAddressLine>
            <lei:City>LAGOS</lei:City>
            <lei:Region>NG-LA</lei:Region>
            <lei:Country>NG</lei:Country>
            <lei:PostalCode>23401</lei:PostalCode>
          </lei:OtherAddress>
        </lei:OtherAddresses>
        <lei:RegistrationAuthority>
          <lei:RegistrationAuthorityID>RA000469</lei:RegistrationAuthorityID>
          <lei:RegistrationAuthorityEntityID>RC159882</lei:RegistrationAuthorityEntityID>
        </lei:RegistrationAuthority>
        <lei:LegalJurisdiction>NG-LA</lei:LegalJurisdiction>
        <lei:LegalForm>
          <lei:EntityLegalFormCode>8888</lei:EntityLegalFormCode>
          <lei:OtherLegalForm>LIMITED</lei:OtherLegalForm>
        </lei:LegalForm>
        <lei:EntityStatus>ACTIVE</lei:EntityStatus>
      </lei:Entity>
      <lei:Registration>
        <lei:InitialRegistrationDate>2014-11-06T00:00:00Z</lei:InitialRegistrationDate>
        <lei:LastUpdateDate>2017-03-27T16:00:00Z</lei:LastUpdateDate>
        <lei:RegistrationStatus>LAPSED</lei:RegistrationStatus>
        <lei:NextRenewalDate>2015-11-06T00:00:00Z</lei:NextRenewalDate>
        <lei:ManagingLOU>029200067A7K6CH0H586</lei:ManagingLOU>
        <lei:ValidationSources>FULLY_CORROBORATED</lei:ValidationSources>
        <lei:ValidationAuthority>
          <lei:ValidationAuthorityID>RA000469</lei:ValidationAuthorityID>
        </lei:ValidationAuthority>
      </lei:Registration>
    </lei:LEIRecord>
    <lei:LEIRecord>
      <lei:LEI>029200162D5Q8ZC3F843</lei:LEI>
      <lei:Entity>
        <lei:LegalName xml:lang="en">SKYVIEW CAPITAL LIMITED</lei:LegalName>
        <lei:OtherEntityNames>
          <lei:OtherEntityName xml:lang="fr" type="ALTERNATIVE_LANGUAGE_LEGAL_NAME">SKYVIEW CAPITAL LIMITED</lei:OtherEntityName>
        </lei:OtherEntityNames>
        <lei:LegalAddress xml:lang="en">
          <lei:FirstAddressLine>71, NORMAN WILLIAMS STREET</lei:FirstAddressLine>
          <lei:AdditionalAddressLine>OFF AWOLOWO ROAD. SOUTH-WEST. IKOYI</lei:AdditionalAddressLine>
          <lei:City>LAGOS</lei:City>
          <lei:Region>NG-LA</lei:Region>
          <lei:Country>NG</lei:Country>
          <lei:PostalCode>23401</lei:PostalCode>
        </lei:LegalAddress>
        <lei:HeadquartersAddress xml:lang="en">
          <lei:FirstAddressLine>71, NORMAN WILLIAMS STREET</lei:FirstAddressLine>
          <lei:AdditionalAddressLine>OFF AWOLOWO ROAD. SOUTH-WEST. IKOYI</lei:AdditionalAddressLine>
          <lei:City>LAGOS</lei:City>
          <lei:Region>NG-LA</lei:Region>
          <lei:Country>NG</lei:Country>
        </lei:HeadquartersAddress>
        <lei:OtherAddresses>
          <lei:OtherAddress xml:lang="fr" type="ALTERNATIVE_LANGUAGE_HEADQUARTERS_ADDRESS">
            <lei:FirstAddressLine>71, NORMAN WILLIAMS STREET</lei:FirstAddressLine>
            <lei:AdditionalAddressLine>OFF AWOLOWO ROAD. SOUTH-WEST. IKOYI</lei:AdditionalAddressLine>
            <lei:City>LAGOS</lei:City>
            <lei:Region>NG-LA</lei:Region>
            <lei:Country>NG</lei:Country>
            <lei:PostalCode>23401</lei:PostalCode>
          </lei:OtherAddress>
        </lei:OtherAddresses>
        <lei:RegistrationAuthority>
          <lei:RegistrationAuthorityID>RA000469</lei:RegistrationAuthorityID>
          <lei:RegistrationAuthorityEntityID>RC733695</lei:RegistrationAuthorityEntityID>
        </lei:RegistrationAuthority>
        <lei:LegalJurisdiction>NG-LA</lei:LegalJurisdiction>
        <lei:LegalForm>
          <lei:EntityLegalFormCode>8888</lei:EntityLegalFormCode>
          <lei:OtherLegalForm>LIMITED</lei:OtherLegalForm>
        </lei:LegalForm>
        <lei:EntityStatus>ACTIVE</lei:EntityStatus>
      </lei:Entity>
      <lei:Registration>
        <lei:InitialRegistrationDate>2014-11-06T00:00:00Z</lei:InitialRegistrationDate>
        <lei:LastUpdateDate>2017-11-07T09:40:44Z</lei:LastUpdateDate>
        <lei:RegistrationStatus>LAPSED</lei:RegistrationStatus>
        <lei:NextRenewalDate>2017-11-06T00:00:00Z</lei:NextRenewalDate>
        <lei:ManagingLOU>029200067A7K6CH0H586</lei:ManagingLOU>
        <lei:ValidationSources>FULLY_CORROBORATED</lei:ValidationSources>
        <lei:ValidationAuthority>
          <lei:ValidationAuthorityID>RA000469</lei:ValidationAuthorityID>
        </lei:ValidationAuthority>
      </lei:Registration>
    </lei:LEIRecord>
  </lei:LEIRecords>
</lei:LEIData>
